{"target":[{"skillname":"skill1","skillDelay":4.5,"skillPower":2.299999952316284},{"skillname":"skill2","skillDelay":3.5,"skillPower":2.0999999046325685},{"skillname":"skill3","skillDelay":44.5,"skillPower":22.299999237060548}]}